-- MySQL Script generated by MySQL Workbench
-- 05/26/26 10:56:51
-- Model: New Model    Version: 1.0
-- -----------------------------------------------------
-- Schema mydb
-- -----------------------------------------------------
CREATE SCHEMA IF NOT EXISTS `mydb` DEFAULT CHARACTER SET utf8 ;
USE `mydb` ;

-- -----------------------------------------------------
-- Table `mydb`.`client`
-- -----------------------------------------------------
CREATE TABLE IF NOT EXISTS `mydb`.`client` (
  `id` INT NOT NULL AUTO_INCREMENT,
  `name` VARCHAR(45) NULL,
  `address` VARCHAR(100) NULL,
  PRIMARY KEY (`id`))
ENGINE = InnoDB;


-- -----------------------------------------------------
-- Table `mydb`.`Employee`
-- -----------------------------------------------------
CREATE TABLE IF NOT EXISTS `mydb`.`Employee` (
  `id` INT NOT NULL AUTO_INCREMENT,
  `name` VARCHAR(45) NULL,
  PRIMARY KEY (`id`))
ENGINE = InnoDB;


-- -----------------------------------------------------
-- Table `mydb`.`agreement`
-- -----------------------------------------------------
CREATE TABLE IF NOT EXISTS `mydb`.`agreement` (
  `id` INT NOT NULL AUTO_INCREMENT,
  `name` VARCHAR(100) NULL,
  `client_id` INT NOT NULL,
  `date` DATETIME NULL,
  `Employee_id` INT NOT NULL,
  PRIMARY KEY (`id`),
  INDEX `fk_agreement_client1_idx` (`client_id` ASC),
  INDEX `fk_agreement_Employee_list1_idx` (`Employee_id` ASC),
  CONSTRAINT `fk_agreement_client1`
    FOREIGN KEY (`client_id`)
    REFERENCES `mydb`.`client` (`id`)
    ON DELETE NO ACTION
    ON UPDATE NO ACTION,
  CONSTRAINT `fk_agreement_Employee_list1`
    FOREIGN KEY (`Employee_id`)
    REFERENCES `mydb`.`Employee` (`id`)
    ON DELETE NO ACTION
    ON UPDATE NO ACTION)
ENGINE = InnoDB;


-- -----------------------------------------------------
-- Table `mydb`.`Order`
-- -----------------------------------------------------
CREATE TABLE IF NOT EXISTS `mydb`.`Order` (
  `id` INT NOT NULL AUTO_INCREMENT,
  `order_name` VARCHAR(45) NULL,
  `price` INT NULL,
  `agreement_id` INT NOT NULL,
  `status` BOOL,
  `date_start` DATETIME NULL,
  `date_finish` DATETIME NULL,
  PRIMARY KEY (`id`),
  INDEX `fk_Order_agreement1_idx` (`agreement_id` ASC),
  CONSTRAINT `fk_Order_agreement1`
    FOREIGN KEY (`agreement_id`)
    REFERENCES `mydb`.`agreement` (`id`)
    ON DELETE NO ACTION
    ON UPDATE NO ACTION)
ENGINE = InnoDB;


-- -----------------------------------------------------
-- Table `mydb`.`suppliers`
-- -----------------------------------------------------
CREATE TABLE IF NOT EXISTS `mydb`.`suppliers` (
  `id` INT NOT NULL AUTO_INCREMENT,
  `name` VARCHAR(45) NULL,
  PRIMARY KEY (`id`))
ENGINE = InnoDB;


-- -----------------------------------------------------
-- Table `mydb`.`Products`
-- -----------------------------------------------------
CREATE TABLE IF NOT EXISTS `mydb`.`Products` (
  `id` INT NOT NULL AUTO_INCREMENT,
  `name` VARCHAR(100) NULL,
  `price` INT NULL,
  `suppliers_id` INT NOT NULL,
  `quantity_product` INT NULL,
  PRIMARY KEY (`id`),
  INDEX `fk_Products_suppliers1_idx` (`suppliers_id` ASC),
  CONSTRAINT `fk_Products_suppliers1`
    FOREIGN KEY (`suppliers_id`)
    REFERENCES `mydb`.`suppliers` (`id`)
    ON DELETE NO ACTION
    ON UPDATE NO ACTION)
ENGINE = InnoDB;


-- -----------------------------------------------------
-- Table `mydb`.`transport_company`
-- -----------------------------------------------------
CREATE TABLE IF NOT EXISTS `mydb`.`transport_company` (
  `id` INT NOT NULL AUTO_INCREMENT,
  `name` VARCHAR(45) NULL,
  `info` VARCHAR(45) NULL,
  PRIMARY KEY (`id`))
ENGINE = InnoDB;


-- -----------------------------------------------------
-- Table `mydb`.`transport`
-- -----------------------------------------------------
CREATE TABLE IF NOT EXISTS `mydb`.`transport` (
  `id` INT NOT NULL,
  `name` VARCHAR(45) NULL,
  `transport_company_id` INT NOT NULL,
  PRIMARY KEY (`id`),
  INDEX `fk_transport_transport_company1_idx` (`transport_company_id` ASC),
  CONSTRAINT `fk_transport_transport_company1`
    FOREIGN KEY (`transport_company_id`)
    REFERENCES `mydb`.`transport_company` (`id`)
    ON DELETE NO ACTION
    ON UPDATE NO ACTION)
ENGINE = InnoDB;


-- -----------------------------------------------------
-- Table `mydb`.`delivery`
-- -----------------------------------------------------
CREATE TABLE IF NOT EXISTS `mydb`.`delivery` (
  `id` INT NOT NULL AUTO_INCREMENT,
  `date` DATETIME NULL,
  `client_id` INT NOT NULL,
  `transport_id` INT NOT NULL,
  PRIMARY KEY (`id`),
  INDEX `fk_delivery_client1_idx` (`client_id` ASC),
  INDEX `fk_delivery_transport1_idx` (`transport_id` ASC),
  CONSTRAINT `fk_delivery_client1`
    FOREIGN KEY (`client_id`)
    REFERENCES `mydb`.`client` (`id`)
    ON DELETE NO ACTION
    ON UPDATE NO ACTION,
  CONSTRAINT `fk_delivery_transport1`
    FOREIGN KEY (`transport_id`)
    REFERENCES `mydb`.`transport` (`id`)
    ON DELETE NO ACTION
    ON UPDATE NO ACTION)
ENGINE = InnoDB;


-- -----------------------------------------------------
-- Table `mydb`.`type_nanesenia`
-- -----------------------------------------------------
CREATE TABLE IF NOT EXISTS `mydb`.`type_nanesenia` (
  `id` INT NOT NULL,
  `type` VARCHAR(45) NULL,
  `price_nanesenia` INT NOT NULL,
  PRIMARY KEY (`id`))
ENGINE = InnoDB;


-- -----------------------------------------------------
-- Table `mydb`.`Shopping_Cart`
-- -----------------------------------------------------
CREATE TABLE IF NOT EXISTS `mydb`.`Shopping_Cart` (
  `Products_id` INT NOT NULL,
  `Order_id` INT NOT NULL,
  `delivery_id` INT NULL,
  `nanesenia_id` INT NOT NULL,
  `delivery_price` INT NULL,
  `quantity_in_sc` INT NULL,
  PRIMARY KEY (`Products_id`, `Order_id`),
  INDEX `fk_Products_has_Order_Order1_idx` (`Order_id` ASC),
  INDEX `fk_Products_has_Order_Products1_idx` (`Products_id` ASC),
  INDEX `fk_Shopping_Cart_delivery1_idx` (`delivery_id` ASC),
  INDEX `fk_Shopping_Cart_table11_idx` (`nanesenia_id` ASC),
  CONSTRAINT `fk_Products_has_Order_Products1`
    FOREIGN KEY (`Products_id`)
    REFERENCES `mydb`.`Products` (`id`)
    ON DELETE NO ACTION
    ON UPDATE NO ACTION,
  CONSTRAINT `fk_Products_has_Order_Order1`
    FOREIGN KEY (`Order_id`)
    REFERENCES `mydb`.`Order` (`id`)
    ON DELETE NO ACTION
    ON UPDATE NO ACTION,
  CONSTRAINT `fk_Shopping_Cart_delivery1`
    FOREIGN KEY (`delivery_id`)
    REFERENCES `mydb`.`delivery` (`id`)
    ON DELETE NO ACTION
    ON UPDATE NO ACTION,
  CONSTRAINT `fk_Shopping_Cart_table11`
    FOREIGN KEY (`nanesenia_id`)
    REFERENCES `mydb`.`type_nanesenia` (`id`)
    ON DELETE NO ACTION
    ON UPDATE NO ACTION)
ENGINE = InnoDB;


INSERT INTO client (name,address) VALUES 
	("ИП Иванов Алексей","г.Москва"),
	("ИП Морозов Сергей","г.Омск"),
	("ИП Лебедева Екатерина","г.Владивосток"),
	("ИП Козлова Дарья","г.Новосибирск"),
	("ИП Еременко Роман","г.Казань");

INSERT INTO suppliers (name) VALUES 
	("ООО ТехноПоставка"),
	("ООО КанцТрейд"),
	("ООО ПродЭкспорт"),
	("ИП СтройБаза"),
	("ООО МебельСтиль");


INSERT INTO products (name, price,suppliers_id, quantity_product) VALUES 
	("Samsung Galaxy S3 mini", 9000, 1, 10),
	("Набор гелевых ручек с логотипом", 299, 2, 11),
	("Поясная сумка с логотипом", 3879, 3, 12),
	("Дрель ударная Boxbot сувенирная", 1527, 4, 13),
	("Кресло кожаное", 9299, 5, 14);


INSERT INTO employee (name) VALUES 
	("Александров Михаил"),
	("Ковальчук Елена"),
	("Левчиков Максим"),
	("Анисимова Дарья"),
	("Ефремов Антон");

INSERT INTO transport_company (name,info) VALUES 
	("СДЭК","экспресс-доставка мелких и средних грузов"),
	("Деловые Линии","перевозчик сборных грузов"),
	("DPD","международный логистический оператор"),
	("Почта России", "работает с любыми грузами"),
	("Boxberry","логистика для маркетплейсов");


INSERT INTO type_nanesenia (id,type, price_nanesenia) VALUE
	(1,"Прямое нанесение", 150),
	(2,"Типографический метод", 170),
	(3,"Вкладыши и бирки", 200),
	(4,"Лазерная гравировка", 370),
	(5,"Этикетирование", 125);


INSERT INTO agreement (name, client_id, date, Employee_id) VALUES
	("Договор №001", 1, "2025-10-25 14:30:00",1),
	("Договор №002", 2, "2025-11-06 17:23:00",2),
	("Договор №003", 3, "2026-01-15 12:47:00",3),
	("Договор №004", 4, "2026-01-15 13:55:00",4),
	("Договор №005", 5, "2026-02-24 16:17:00",5);


INSERT INTO `Order` (order_name, price, agreement_id, status, date_start, date_finish) VALUES
	("Заказ №1", 46899, 1, b'1', "2025-10-26 09:00:00", "2025-10-28 18:00:00"),
	("Заказ №2", 299, 1, b'1', "2025-10-27 10:30:00", "2025-10-29 16:00:00"),
	("Заказ №3", 349, 2, b'0', "2025-11-07 11:00:00", NULL),
	("Заказ №4", 1527, 3, b'1', "2026-01-16 08:45:00", "2026-01-20 17:30:00"),
	("Заказ №5", 9299, 4, b'0', "2026-01-16 14:00:00", NULL),
	("Заказ №6", 1857, 5, b'1', "2026-02-25 09:15:00", "2026-03-01 15:00:00");


INSERT INTO transport (id, name, transport_company_id) VALUES
	(1, "Газель NEXT", 1),
	(2, "Mercedes Sprinter", 2),
	(3, "КамАЗ 5490", 3),
	(4, "Почтовый фургон", 4),
	(5, "Hyundai Porter", 5);


INSERT INTO delivery (date, client_id, transport_id) VALUES
	("2025-10-28 14:30:00", 1, 1),
	("2025-10-29 11:15:00", 1, 1),
	("2025-11-10 10:00:00", 2, 4),
	("2026-01-20 16:45:00", 3, 2),
	("2026-02-28 12:30:00", 5, 5),
	("2026-03-02 09:00:00", 4, 3);

INSERT INTO Shopping_Cart (Products_id, Order_id, delivery_id, nanesenia_id, delivery_price, quantity_in_sc) VALUES
	(1, 1, 1, 1, 199, 2),
	(2, 2, 2, 5, 250, 1),
	(3, 3, 3, 3, 250, 3),
	(4, 4, 4, 4, 199, 2),
	(5, 5, 6, 2, 199, 3);

-- ЛАБ 2




-- ЛАБ 4
-- Задание 1.1
DELIMITER //

CREATE PROCEDURE add_Product(
	p_name VARCHAR(100),
    p_price INT,
    p_suppliers_ID INT
)
BEGIN
    INSERT INTO Products (name, price, suppliers_ID)
    VALUES (p_name, p_price, p_suppliers_ID);
END //

DELIMITER ;

CALL add_Product ("Кукла ручной работы", 2300, 3);
select * from Products;

-- Задание 1.2

DELIMITER //

CREATE PROCEDURE add_new_order(
	p_name VARCHAR(100),
	p_price INT,
	p_agreement_ID INT,
	p_status binary,
	p_date_s datetime,
	p_date_f datetime
	
)
BEGIN

	IF p_agreement_id NOT IN (SELECT id FROM agreement) THEN
		SIGNAL SQLSTATE '45000' SET MESSAGE_TEXT = 'Договор не найден';
	END IF;

	INSERT INTO `order` (order_name, price, agreement_id, status, date_start, date_finish)
    VALUES (p_name, p_price, p_agreement_id, p_status, p_date_s, p_date_f);
END //

DELIMITER ;


-- CALL add_new_order ("Заказ№7", 16000, 1, 0, "2025-10-23 15:00:00", "2025-10-16 15:00:00");
-- CALL add_new_order ("Заказ№8", 1857, 8, 0, "2025-11-25 15:30:00", "2025-12-06 15:00:00");
SELECT * FROM `order`;
DELIMITER //

-- Задание 1.3

DELIMITER //

CREATE PROCEDURE add_new_agreement(
	arg_name VARCHAR(100),
	arg_client_id INT,
	arg_date DATETIME,
	arg_Empl_id INT,
	o_name VARCHAR(100),
	o_price INT,
	o_agreement_ID INT,
	o_status binary,
	o_date_s datetime,
	o_date_f datetime
)
BEGIN
		
	DECLARE new_agreement_id INT;

	INSERT INTO agreement (name, client_id, date, Employee_id)
    VALUES (arg_name, arg_client_id, arg_date, arg_Empl_id);

	SET new_agreement_id = LAST_INSERT_ID();

	INSERT INTO `order` (order_name, price, agreement_id, status, date_start, date_finish)
    VALUES (o_name, o_price, o_agreement_id, o_status, o_date_s, o_date_f);
END //

DELIMITER ;

CALL add_new_agreement('Договор №006', 1,'2026-03-15 10:00:00', 2, 'Заказ №8', 15000, 6,0, '2026-03-15 10:30:00', NULL);
SELECT * FROM agreement;
SELECT * FROM `order`;

-- Задание 2.1

DELIMITER //

CREATE PROCEDURE OrderSummary(cl_name VARCHAR(100))

BEGIN
	
	SELECT cl.name AS 'ФИО', o.order_name AS 'Заказ',
    SUM(p.price * SC.quantity_in_sc) + SUM(tn.price_nanesenia * SC.quantity_in_sc) + MAX(SC.delivery_price) AS 'Итоговая сумма'
	FROM `order` AS o
	JOIN agreement AS agr ON o.agreement_id = agr.id
	JOIN Client AS cl ON agr.client_id = cl.id
	JOIN Shopping_Cart AS SC ON o.id = SC.order_id
	JOIN Products p ON SC.products_id = p.id
	JOIN type_nanesenia AS tn ON SC.nanesenia_id = tn.id WHERE cl.name = cl_name
	GROUP BY o.id;

END //

DELIMITER ;

CALL OrderSummary("ИП Иванов Алексей");
CALL OrderSummary("ИП Лебедева Екатерина");
CALL OrderSummary("ИП Лебеде Екатерина");


-- Задание 2.2
DELIMITER //

CREATE PROCEDURE CheckOrderDate(target_date DATE)
BEGIN
    SELECT 
        o.order_name AS 'Название заказа',
        o.status AS 'Статус',
        o.date_start AS 'Дата начала',
        o.date_finish AS 'Дата завершения'
    FROM `order` AS o
    JOIN agreement a ON o.agreement_id = a.id
    WHERE o.status = 0                          
        OR (o.date_finish IS NULL)             
        OR (o.date_finish > target_date)       
    ORDER BY o.id;
END //

DELIMITER ;

CALL CheckOrderDate('2025-10-30');
CALL CheckOrderDate('2026-01-10');

-- Задание 2.3

DELIMITER //

CREATE PROCEDURE CheckVolume(product_name VARCHAR(100))
BEGIN
    SELECT 
        p.name AS 'Товар',
        SUM(sc.quantity_in_sc) AS 'Продано'
    FROM Products AS p
    JOIN Shopping_Cart AS sc ON p.id = sc.Products_id
    JOIN `order` o ON sc.Order_id = o.id
    WHERE p.name = product_name
        AND o.status = 1
    GROUP BY p.name;
END //

DELIMITER ;

CALL CheckVolume('Samsung Galaxy S3 mini');

SELECT * FROM shopping_cart;

-- Задание 2.4
DELIMITER //

CREATE PROCEDURE CheckSum(agreement_name VARCHAR(100))
BEGIN
    SELECT 
        a.name AS 'Договор',
        c.name AS 'Клиент',
        SUM(sc.quantity_in_sc * p.price + sc.quantity_in_sc * tn.price_nanesenia + sc.delivery_price) AS 'Общая сумма'
    FROM agreement a
    JOIN client c ON a.client_id = c.id
    JOIN `order` o ON a.id = o.agreement_id AND o.status = 1
    JOIN Shopping_Cart sc ON o.id = sc.Order_id
    JOIN Products p ON sc.Products_id = p.id
    JOIN type_nanesenia tn ON sc.nanesenia_id = tn.id
    WHERE a.name = agreement_name
    GROUP BY a.name, c.name;
END //

DELIMITER ;

CALL CheckSum('Договор №001');
CALL CheckSum('Договор №005');

SELECT * from agreement;

-- DROP DATABASE mydb;